INSERT INTO QUESTION (ID, CANCER_TYPE, DESCRIPTION, SYMPTOM_TYPE, QUESTION_TYPE) VALUES (1, 'BREAST', 'Lack of sleep', 'LACK_OF_SLEEP', 'YES_NO');
INSERT INTO QUESTION (ID, CANCER_TYPE, DESCRIPTION, SYMPTOM_TYPE, QUESTION_TYPE) VALUES (2, 'BREAST', 'Coughing', 'COUGH', 'YES_NO');
INSERT INTO QUESTION (ID, CANCER_TYPE, DESCRIPTION, SYMPTOM_TYPE, QUESTION_TYPE) VALUES (3, 'BREAST', 'Skin burn', 'SKIN_CHANGE', 'YES_NO');
INSERT INTO QUESTION (ID, CANCER_TYPE, DESCRIPTION, SYMPTOM_TYPE, QUESTION_TYPE) VALUES (4, 'BREAST', 'Weight loss', 'WEIGHT_LOSS', 'YES_NO');
INSERT INTO ALARM_PROCESS (ID, ADVICE, CANCER_TYPE, FREQUENCY, INSTRUCTIONS, SYMPTOM_TYPE, URGENCY) VALUES (1,'Consult your care team about your diet!', 'BREAST', 3, 'GIVE_ADVICE', 'WEIGHT_LOSS', 'MEDIUM');

INSERT INTO QUESTION (ID, CANCER_TYPE, DESCRIPTION, SYMPTOM_TYPE, QUESTION_TYPE) VALUES (5, 'BREAST', 'Do you have a lump under the arm or along the chest wall?', 'LUMP_UNDER_ARM', 'YES_NO');
INSERT INTO ALARM_PROCESS (ID, ADVICE, CANCER_TYPE, FREQUENCY, INSTRUCTIONS, SYMPTOM_TYPE, URGENCY) VALUES (2,'Contact your care team! They have been notified!', 'BREAST', 1, 'GIVE_ADVICE;NOTIFY_CARE_TEAM', 'LUMP_UNDER_ARM', 'HIGH');
INSERT INTO ALARM_PROCESS (ID, ADVICE, CANCER_TYPE, FREQUENCY, INSTRUCTIONS, SYMPTOM_TYPE, URGENCY) VALUES (14,'Contact your care team! They have been notified!', 'BREAST', 2, 'GIVE_ADVICE;NOTIFY_CARE_TEAM', 'LUMP_UNDER_ARM', 'HIGH');

INSERT INTO QUESTION (ID, CANCER_TYPE, DESCRIPTION, SYMPTOM_TYPE, QUESTION_TYPE) VALUES (6, 'BREAST', 'Has the shape or size of your breast changed?', 'BREAST_CHANGE', 'YES_NO');
INSERT INTO ALARM_PROCESS (ID, ADVICE, CANCER_TYPE, FREQUENCY, INSTRUCTIONS, SYMPTOM_TYPE, URGENCY) VALUES (3,'Patient has experienced changes in their breast.', 'BREAST', 1, 'SEND_EMAIL;NOTIFY_CARE_TEAM', 'BREAST_CHANGE', 'MEDIUM');
INSERT INTO ALARM_PROCESS (ID, ADVICE, CANCER_TYPE, FREQUENCY, INSTRUCTIONS, SYMPTOM_TYPE, URGENCY) VALUES (15,'Contact your care team about the changes in your breast.', 'BREAST', 2, 'GIVE_ADVICE;NOTIFY_CARE_TEAM', 'BREAST_CHANGE', 'MEDIUM');

INSERT INTO QUESTION (ID, CANCER_TYPE, DESCRIPTION, SYMPTOM_TYPE, QUESTION_TYPE) VALUES (7, 'BREAST', 'Headaches, dizziness, confusion', 'HEADACHE', 'YES_NO');
INSERT INTO ALARM_PROCESS (ID, ADVICE, CANCER_TYPE, FREQUENCY, INSTRUCTIONS, SYMPTOM_TYPE, URGENCY) VALUES (4,'If your headache is not regular, take a painkiller if you would like!', 'BREAST', 1, 'GIVE_ADVICE', 'HEADACHE', 'LOW');
INSERT INTO ALARM_PROCESS (ID, ADVICE, CANCER_TYPE, FREQUENCY, INSTRUCTIONS, SYMPTOM_TYPE, URGENCY) VALUES (5,'Contact your care team about your headache!', 'BREAST', 2, 'GIVE_ADVICE', 'HEADACHE', 'MEDIUM');
INSERT INTO ALARM_PROCESS (ID, ADVICE, CANCER_TYPE, FREQUENCY, INSTRUCTIONS, SYMPTOM_TYPE, URGENCY) VALUES (6,'Seek medical help about your headache!', 'BREAST', 3, 'GIVE_ADVICE;NOTIFY_CARE_TEAM', 'HEADACHE', 'HIGH');

INSERT INTO QUESTION (ID, CANCER_TYPE, DESCRIPTION, SYMPTOM_TYPE, QUESTION_TYPE, NUMERIC_LABELS) VALUES (8, 'COMMON', 'How are you?', 'HAPPINESS', 'NUMERIC', 'Feeling terrible;Not good;Neutral;Good;Feeling great');
INSERT INTO ALARM_PROCESS (ID, ADVICE, CANCER_TYPE, FREQUENCY, INSTRUCTIONS, SYMPTOM_TYPE, URGENCY) VALUES (7,'Find some fun!', 'COMMON', 2, 'NOTIFY_CARE_TEAM', 'HAPPINESS', 'LOW');

INSERT INTO QUESTION (ID, CANCER_TYPE, DESCRIPTION, SYMPTOM_TYPE, QUESTION_TYPE, NUMERIC_LABELS) VALUES (9, 'COMMON', 'How calm and peaceful are you?', 'CALMNESS', 'NUMERIC', 'Very nervous;Nervous;Neutral;Calm;Very calm');
INSERT INTO ALARM_PROCESS (ID, ADVICE, CANCER_TYPE, FREQUENCY, INSTRUCTIONS, SYMPTOM_TYPE, URGENCY) VALUES (8,'Make sure you take some time to relax!', 'COMMON', 1, 'GIVE_ADVICE;NOTIFY_CARE_TEAM', 'CALMNESS', 'MEDIUM');
INSERT INTO ALARM_PROCESS (ID, ADVICE, CANCER_TYPE, FREQUENCY, INSTRUCTIONS, SYMPTOM_TYPE, URGENCY) VALUES (9,'Find some calm place, and try to relax!', 'COMMON', 3, 'GIVE_ADVICE', 'CALMNESS', 'MEDIUM');

INSERT INTO QUESTION (ID, CANCER_TYPE, DESCRIPTION, SYMPTOM_TYPE, QUESTION_TYPE, NUMERIC_LABELS) VALUES (10, 'COMMON', 'How energetic are you?', 'EXHAUSTED', 'NUMERIC', 'I am lethargic;Not really;Neutral;Energetic;Very energetic');
INSERT INTO ALARM_PROCESS (ID, ADVICE, CANCER_TYPE, FREQUENCY, INSTRUCTIONS, SYMPTOM_TYPE, URGENCY) VALUES (10,'Have some active rest!', 'COMMON', 2, 'GIVE_ADVICE', 'EXHAUSTED', 'MEDIUM');

INSERT INTO QUESTION (ID, CANCER_TYPE, DESCRIPTION, SYMPTOM_TYPE, QUESTION_TYPE, NUMERIC_LABELS) VALUES (11, 'COMMON', 'Are you feeling depressed?', 'DEPRESSED', 'NUMERIC', 'Very depressed;Depressed;Neutral;Not really;Not at all');
INSERT INTO ALARM_PROCESS (ID, ADVICE, CANCER_TYPE, FREQUENCY, INSTRUCTIONS, SYMPTOM_TYPE, URGENCY) VALUES (11,'Find someone to talk to!', 'COMMON', 4, 'GIVE_ADVICE', 'DEPRESSED', 'LOW');
INSERT INTO ALARM_PROCESS (ID, ADVICE, CANCER_TYPE, FREQUENCY, INSTRUCTIONS, SYMPTOM_TYPE, URGENCY) VALUES (12,'Find someone to talk to or find a psychologist!', 'COMMON', 3, 'GIVE_ADVICE;NOTIFY_CARE_TEAM', 'DEPRESSED', 'MEDIUM');
INSERT INTO ALARM_PROCESS (ID, ADVICE, CANCER_TYPE, FREQUENCY, INSTRUCTIONS, SYMPTOM_TYPE, URGENCY) VALUES (13,'Contact your care team! Visit this page to get one on one support: https://4thangel.ccf.org/', 'COMMON', 1, 'GIVE_ADVICE;NOTIFY_CARE_TEAM', 'DEPRESSED', 'HIGH');

INSERT INTO QUESTION (ID, CANCER_TYPE, DESCRIPTION, SYMPTOM_TYPE, QUESTION_TYPE) VALUES (12, 'KIDNEY', 'Have fever', 'FEVER', 'YES_NO');

INSERT INTO QUESTION (ID, CANCER_TYPE, DESCRIPTION, SYMPTOM_TYPE, QUESTION_TYPE) VALUES (13, 'KIDNEY', 'Skin burn', 'SKIN_CHANGE', 'YES_NO');

INSERT INTO USER (USER_ROLE, ID, DATE_OF_BIRTH, EMAIL, FULL_NAME, PASSWORD, PHONE_NUMBER, ROLE, MEDICAL_ONCOLOGIST, PRIMARY_CARE_PROVIDER, PRIORITY, RADIATION_ONCOLOGIST, RELATIVE_EMAIL, RELATIVE_NAME, RELATIVE_PHONE_NUMBER, SURGEON, CANCER_TYPE) VALUES('Patient', 1, '1968-05-08', 'culpaeus.johannsenite@gmail.com', 'Esteban Kovacs', 'asdasdasd', '0698364557', 'PATIENT', 'Tom Shines', '', 'LOW', '', 'culpaeus.johannsenite@gmail.com', 'Uncle Bob', '258569625', '', 'BREAST');
INSERT INTO USER (USER_ROLE, ID, DATE_OF_BIRTH, EMAIL, FULL_NAME, PASSWORD, PHONE_NUMBER, ROLE, MEDICAL_ONCOLOGIST, PRIMARY_CARE_PROVIDER, PRIORITY, RADIATION_ONCOLOGIST, RELATIVE_EMAIL, RELATIVE_NAME, RELATIVE_PHONE_NUMBER, SURGEON, CANCER_TYPE) VALUES('Patient', 3, '1968-05-08', 'culpaeus.johannsenite@gmail.com', 'Tom Cat', 'asdasdasd', '0698364557', 'PATIENT', 'Tom Bob', '', 'LOW', '', 'culpaeus.johannsenite@gmail.com', 'Uncle Bob', '258569625', '', 'KIDNEY');
INSERT INTO USER (USER_ROLE, ID, DATE_OF_BIRTH, EMAIL, FULL_NAME, PASSWORD, PHONE_NUMBER, ROLE, MEDICAL_ONCOLOGIST, PRIMARY_CARE_PROVIDER, PRIORITY, RADIATION_ONCOLOGIST, RELATIVE_EMAIL, RELATIVE_NAME, RELATIVE_PHONE_NUMBER, SURGEON, CANCER_TYPE) VALUES('Patient', 4, '1970-04-07', 'culpaeus.johannsenite@gmail.com', 'Christine Wellington', 'asdasdasd', '0698364557', 'PATIENT', 'Tom Bob', '', 'MEDIUM', '', 'culpaeus.johannsenite@gmail.com', 'Uncle Bob', '258569625', '', 'ORAL_AND_OROPHARYNGEAL');
INSERT INTO USER (USER_ROLE, ID, DATE_OF_BIRTH, EMAIL, FULL_NAME, PASSWORD, PHONE_NUMBER, ROLE, MEDICAL_ONCOLOGIST, PRIMARY_CARE_PROVIDER, PRIORITY, RADIATION_ONCOLOGIST, RELATIVE_EMAIL, RELATIVE_NAME, RELATIVE_PHONE_NUMBER, SURGEON, CANCER_TYPE) VALUES('Patient', 5, '1985-05-25', 'culpaeus.johannsenite@gmail.com', 'Ramesh Sai', 'asdasdasd', '0698364557', 'PATIENT', 'Tom Bob', '', 'HIGH', '', 'culpaeus.johannsenite@gmail.com', 'Uncle Bob', '258569625', '', 'LUNG');
INSERT INTO USER (USER_ROLE, ID, DATE_OF_BIRTH, EMAIL, FULL_NAME, PASSWORD, PHONE_NUMBER, ROLE, MEDICAL_ONCOLOGIST, PRIMARY_CARE_PROVIDER, PRIORITY, RADIATION_ONCOLOGIST, RELATIVE_EMAIL, RELATIVE_NAME, RELATIVE_PHONE_NUMBER, SURGEON, CANCER_TYPE) VALUES('Patient', 6, '1988-03-08', 'culpaeus.johannsenite@gmail.com', 'Chaem Choi', 'asdasdasd', '0698364557', 'PATIENT', 'Tom Bob', '', 'LOW', '', 'culpaeus.johannsenite@gmail.com', 'Uncle Bob', '258569625', '', 'KIDNEY');
INSERT INTO USER (USER_ROLE, ID, DATE_OF_BIRTH, EMAIL, FULL_NAME, ROLE) VALUES ('CareTaker', 2, '1988-05-08', 'culpaeus.johannsenite@gmail.com', 'Tom Cat', 'CARE_TAKER');
INSERT INTO USER_CARE_TAKER_LIST (PATIENT_ID, CARE_TAKER_LIST_ID) VALUES (1, 2);
INSERT INTO USER_CARE_TAKER_LIST (PATIENT_ID, CARE_TAKER_LIST_ID) VALUES (3, 2);
INSERT INTO USER_CARE_TAKER_LIST (PATIENT_ID, CARE_TAKER_LIST_ID) VALUES (4, 2);
INSERT INTO USER_CARE_TAKER_LIST (PATIENT_ID, CARE_TAKER_LIST_ID) VALUES (5, 2);
INSERT INTO USER_CARE_TAKER_LIST (PATIENT_ID, CARE_TAKER_LIST_ID) VALUES (6, 2);
INSERT INTO CARE_PLAN_FORM (ID, BLOOD_PRESSURE_STATUS, DATE_OF_SUBMIT, DIASTOLIC, LONG_ANSWER, PULSE, SYSTOLIC, WEIGHT, PATIENT_ID) VALUES (1, 'NORMAL', '2021-10-20', 90, 'I have a headache but I am fine.', 60, 120, 94, 1);
INSERT INTO CARE_PLAN_FORM (ID, BLOOD_PRESSURE_STATUS, DATE_OF_SUBMIT, DIASTOLIC, LONG_ANSWER, PULSE, SYSTOLIC, WEIGHT, PATIENT_ID) VALUES (2, 'NORMAL', '2021-10-25', 94, 'I am fine.', 92, 128, 95, 1);
INSERT INTO CARE_PLAN_FORM (ID, BLOOD_PRESSURE_STATUS, DATE_OF_SUBMIT, DIASTOLIC, LONG_ANSWER, PULSE, SYSTOLIC, WEIGHT, PATIENT_ID) VALUES (3, 'HYPERTENSIVE CRISIS', '2021-10-26', 120, 'I feel so bad.', 125, 185, 98, 1);
INSERT INTO CARE_PLAN_FORM (ID, BLOOD_PRESSURE_STATUS, DATE_OF_SUBMIT, DIASTOLIC, LONG_ANSWER, PULSE, SYSTOLIC, WEIGHT, PATIENT_ID) VALUES (4, 'NORMAL', '2021-09-19', 23, 'I have a headache but I am fine.', 90, 120, 100, 2);
INSERT INTO CARE_PLAN_FORM (ID, BLOOD_PRESSURE_STATUS, DATE_OF_SUBMIT, DIASTOLIC, LONG_ANSWER, PULSE, SYSTOLIC, WEIGHT, PATIENT_ID) VALUES (5, 'NORMAL', '2021-09-25', 23, 'I am fine.', 92, 128, 101, 2);
INSERT INTO CARE_PLAN_FORM (ID, BLOOD_PRESSURE_STATUS, DATE_OF_SUBMIT, DIASTOLIC, LONG_ANSWER, PULSE, SYSTOLIC, WEIGHT, PATIENT_ID) VALUES (6, 'NORMAL', '2021-10-12', 23, 'I feel good.', 90, 120, 100, 2);
INSERT INTO CARE_PLAN_FORM (ID, BLOOD_PRESSURE_STATUS, DATE_OF_SUBMIT, DIASTOLIC, LONG_ANSWER, PULSE, SYSTOLIC, WEIGHT, PATIENT_ID) VALUES (7, 'NORMAL', '2021-07-20', 23, 'I have a headache but I am fine.', 90, 120, 96, 3);
INSERT INTO CARE_PLAN_FORM (ID, BLOOD_PRESSURE_STATUS, DATE_OF_SUBMIT, DIASTOLIC, LONG_ANSWER, PULSE, SYSTOLIC, WEIGHT, PATIENT_ID) VALUES (8, 'NORMAL', '2021-08-25', 23, 'I am fine.', 92, 128, 95, 3);
INSERT INTO CARE_PLAN_FORM (ID, BLOOD_PRESSURE_STATUS, DATE_OF_SUBMIT, DIASTOLIC, LONG_ANSWER, PULSE, SYSTOLIC, WEIGHT, PATIENT_ID) VALUES (10, 'NORMAL', '2021-09-19', 23, 'I have a headache but I am fine.', 90, 120, 100, 3);
INSERT INTO CARE_PLAN_FORM (ID, BLOOD_PRESSURE_STATUS, DATE_OF_SUBMIT, DIASTOLIC, LONG_ANSWER, PULSE, SYSTOLIC, WEIGHT, PATIENT_ID) VALUES (11, 'NORMAL', '2021-10-25', 23, 'I am fine.', 92, 128, 101, 3);
INSERT INTO CARE_PLAN_FORM (ID, BLOOD_PRESSURE_STATUS, DATE_OF_SUBMIT, DIASTOLIC, LONG_ANSWER, PULSE, SYSTOLIC, WEIGHT, PATIENT_ID) VALUES (12, 'NORMAL', '2021-05-12', 23, 'I feel good.', 90, 120, 100, 4);
INSERT INTO CARE_PLAN_FORM (ID, BLOOD_PRESSURE_STATUS, DATE_OF_SUBMIT, DIASTOLIC, LONG_ANSWER, PULSE, SYSTOLIC, WEIGHT, PATIENT_ID) VALUES (13, 'NORMAL', '2021-06-20', 23, 'I have a headache but I am fine.', 90, 120, 96, 4);
INSERT INTO CARE_PLAN_FORM (ID, BLOOD_PRESSURE_STATUS, DATE_OF_SUBMIT, DIASTOLIC, LONG_ANSWER, PULSE, SYSTOLIC, WEIGHT, PATIENT_ID) VALUES (14, 'NORMAL', '2021-07-25', 23, 'I am fine.', 92, 128, 95, 4);
INSERT INTO CARE_PLAN_FORM (ID, BLOOD_PRESSURE_STATUS, DATE_OF_SUBMIT, DIASTOLIC, LONG_ANSWER, PULSE, SYSTOLIC, WEIGHT, PATIENT_ID) VALUES (15, 'NORMAL', '2021-08-19', 23, 'I have a headache but I am fine.', 90, 120, 100, 4);
INSERT INTO CARE_PLAN_FORM (ID, BLOOD_PRESSURE_STATUS, DATE_OF_SUBMIT, DIASTOLIC, LONG_ANSWER, PULSE, SYSTOLIC, WEIGHT, PATIENT_ID) VALUES (16, 'NORMAL', '2021-09-25', 23, 'I am fine.', 92, 128, 101, 4);
INSERT INTO CARE_PLAN_FORM (ID, BLOOD_PRESSURE_STATUS, DATE_OF_SUBMIT, DIASTOLIC, LONG_ANSWER, PULSE, SYSTOLIC, WEIGHT, PATIENT_ID) VALUES (17, 'NORMAL', '2021-10-12', 23, 'I feel pretty good.', 90, 120, 100, 4);
INSERT INTO CARE_PLAN_FORM (ID, BLOOD_PRESSURE_STATUS, DATE_OF_SUBMIT, DIASTOLIC, LONG_ANSWER, PULSE, SYSTOLIC, WEIGHT, PATIENT_ID) VALUES (18, 'NORMAL', '2021-01-12', 23, 'I feel good.', 90, 120, 100, 5);
INSERT INTO CARE_PLAN_FORM (ID, BLOOD_PRESSURE_STATUS, DATE_OF_SUBMIT, DIASTOLIC, LONG_ANSWER, PULSE, SYSTOLIC, WEIGHT, PATIENT_ID) VALUES (19, 'NORMAL', '2021-02-20', 23, 'I have a headache but I am fine.', 90, 120, 96, 5);
INSERT INTO CARE_PLAN_FORM (ID, BLOOD_PRESSURE_STATUS, DATE_OF_SUBMIT, DIASTOLIC, LONG_ANSWER, PULSE, SYSTOLIC, WEIGHT, PATIENT_ID) VALUES (20, 'NORMAL', '2021-03-25', 23, 'I am fine.', 92, 128, 95, 5);
INSERT INTO CARE_PLAN_FORM (ID, BLOOD_PRESSURE_STATUS, DATE_OF_SUBMIT, DIASTOLIC, LONG_ANSWER, PULSE, SYSTOLIC, WEIGHT, PATIENT_ID) VALUES (21, 'NORMAL', '2021-04-19', 23, 'I have a headache but I am fine.', 90, 120, 100, 5);
INSERT INTO CARE_PLAN_FORM (ID, BLOOD_PRESSURE_STATUS, DATE_OF_SUBMIT, DIASTOLIC, LONG_ANSWER, PULSE, SYSTOLIC, WEIGHT, PATIENT_ID) VALUES (22, 'NORMAL', '2021-05-25', 23, 'I am fine.', 92, 128, 101, 5);
INSERT INTO CARE_PLAN_FORM (ID, BLOOD_PRESSURE_STATUS, DATE_OF_SUBMIT, DIASTOLIC, LONG_ANSWER, PULSE, SYSTOLIC, WEIGHT, PATIENT_ID) VALUES (23, 'NORMAL', '2021-06-12', 23, 'I feel pretty good.', 90, 120, 100, 5);
INSERT INTO CARE_PLAN_FORM (ID, BLOOD_PRESSURE_STATUS, DATE_OF_SUBMIT, DIASTOLIC, LONG_ANSWER, PULSE, SYSTOLIC, WEIGHT, PATIENT_ID) VALUES (24, 'NORMAL', '2021-07-25', 23, 'I dont feel well.', 92, 128, 101, 5);
INSERT INTO CARE_PLAN_FORM (ID, BLOOD_PRESSURE_STATUS, DATE_OF_SUBMIT, DIASTOLIC, LONG_ANSWER, PULSE, SYSTOLIC, WEIGHT, PATIENT_ID) VALUES (25, 'NORMAL', '2021-08-12', 23, 'I am ok.', 90, 120, 100, 5);
INSERT INTO CARE_PLAN_FORM (ID, BLOOD_PRESSURE_STATUS, DATE_OF_SUBMIT, DIASTOLIC, LONG_ANSWER, PULSE, SYSTOLIC, WEIGHT, PATIENT_ID) VALUES (26, 'HYPERTENSIVE CRISIS', '2021-10-23', 23, 'I feel terrible.', 125, 185, 95, 5);
INSERT INTO CARE_PLAN_FORM (ID, BLOOD_PRESSURE_STATUS, DATE_OF_SUBMIT, DIASTOLIC, LONG_ANSWER, PULSE, SYSTOLIC, WEIGHT, PATIENT_ID) VALUES (27, 'NORMAL', '2021-08-25', 23, 'I am fine.', 92, 128, 101, 6);
INSERT INTO CARE_PLAN_FORM (ID, BLOOD_PRESSURE_STATUS, DATE_OF_SUBMIT, DIASTOLIC, LONG_ANSWER, PULSE, SYSTOLIC, WEIGHT, PATIENT_ID) VALUES (28, 'NORMAL', '2021-09-12', 23, 'I feel pretty good.', 90, 120, 100, 6);
INSERT INTO CARE_PLAN_FORM (ID, BLOOD_PRESSURE_STATUS, DATE_OF_SUBMIT, DIASTOLIC, LONG_ANSWER, PULSE, SYSTOLIC, WEIGHT, PATIENT_ID) VALUES (29, 'NORMAL', '2021-10-12', 23, 'I feel good.', 90, 120, 100, 6);
INSERT INTO CARE_PLAN_FORM (ID, BLOOD_PRESSURE_STATUS, DATE_OF_SUBMIT, DIASTOLIC, LONG_ANSWER, PULSE, SYSTOLIC, WEIGHT, PATIENT_ID) VALUES (30, 'NORMAL', '2021-10-20', 23, 'I have a headache but I am fine.', 90, 120, 96, 6);
INSERT INTO CARE_PLAN_FORM (ID, BLOOD_PRESSURE_STATUS, DATE_OF_SUBMIT, DIASTOLIC, LONG_ANSWER, PULSE, SYSTOLIC, WEIGHT, PATIENT_ID) VALUES (31, 'NORMAL', '2021-10-21', 23, 'I am fine.', 92, 128, 95, 6);
INSERT INTO CARE_PLAN_FORM (ID, BLOOD_PRESSURE_STATUS, DATE_OF_SUBMIT, DIASTOLIC, LONG_ANSWER, PULSE, SYSTOLIC, WEIGHT, PATIENT_ID) VALUES (32, 'NORMAL', '2021-09-22', 23, 'I have a headache but I am fine.', 90, 120, 100, 6);
INSERT INTO USER_QUESTIONS (PATIENT_ID, QUESTIONS_ID) VALUES (1, 1);
INSERT INTO USER_QUESTIONS (PATIENT_ID, QUESTIONS_ID) VALUES (1, 2);
INSERT INTO USER_QUESTIONS (PATIENT_ID, QUESTIONS_ID) VALUES (1, 3);
INSERT INTO USER_QUESTIONS (PATIENT_ID, QUESTIONS_ID) VALUES (1, 4);
INSERT INTO USER_QUESTIONS (PATIENT_ID, QUESTIONS_ID) VALUES (1, 5);
INSERT INTO USER_QUESTIONS (PATIENT_ID, QUESTIONS_ID) VALUES (1, 6);
INSERT INTO USER_QUESTIONS (PATIENT_ID, QUESTIONS_ID) VALUES (1, 7);
INSERT INTO USER_QUESTIONS (PATIENT_ID, QUESTIONS_ID) VALUES (1, 8);
INSERT INTO USER_QUESTIONS (PATIENT_ID, QUESTIONS_ID) VALUES (1, 9);
INSERT INTO USER_QUESTIONS (PATIENT_ID, QUESTIONS_ID) VALUES (1, 10);
INSERT INTO USER_QUESTIONS (PATIENT_ID, QUESTIONS_ID) VALUES (1, 11);

INSERT INTO USER_QUESTIONS (PATIENT_ID, QUESTIONS_ID) VALUES (2, 8);
INSERT INTO USER_QUESTIONS (PATIENT_ID, QUESTIONS_ID) VALUES (2, 9);
INSERT INTO USER_QUESTIONS (PATIENT_ID, QUESTIONS_ID) VALUES (2, 10);
INSERT INTO USER_QUESTIONS (PATIENT_ID, QUESTIONS_ID) VALUES (2, 11);

INSERT INTO USER_QUESTIONS (PATIENT_ID, QUESTIONS_ID) VALUES (3, 8);
INSERT INTO USER_QUESTIONS (PATIENT_ID, QUESTIONS_ID) VALUES (3, 9);
INSERT INTO USER_QUESTIONS (PATIENT_ID, QUESTIONS_ID) VALUES (3, 10);
INSERT INTO USER_QUESTIONS (PATIENT_ID, QUESTIONS_ID) VALUES (3, 11);

INSERT INTO USER_QUESTIONS (PATIENT_ID, QUESTIONS_ID) VALUES (4, 8);
INSERT INTO USER_QUESTIONS (PATIENT_ID, QUESTIONS_ID) VALUES (4, 9);
INSERT INTO USER_QUESTIONS (PATIENT_ID, QUESTIONS_ID) VALUES (4, 10);
INSERT INTO USER_QUESTIONS (PATIENT_ID, QUESTIONS_ID) VALUES (4, 11);

INSERT INTO USER_QUESTIONS (PATIENT_ID, QUESTIONS_ID) VALUES (5, 8);
INSERT INTO USER_QUESTIONS (PATIENT_ID, QUESTIONS_ID) VALUES (5, 9);
INSERT INTO USER_QUESTIONS (PATIENT_ID, QUESTIONS_ID) VALUES (5, 10);
INSERT INTO USER_QUESTIONS (PATIENT_ID, QUESTIONS_ID) VALUES (5, 11);

INSERT INTO USER_QUESTIONS (PATIENT_ID, QUESTIONS_ID) VALUES (6, 8);
INSERT INTO USER_QUESTIONS (PATIENT_ID, QUESTIONS_ID) VALUES (6, 9);
INSERT INTO USER_QUESTIONS (PATIENT_ID, QUESTIONS_ID) VALUES (6, 10);
INSERT INTO USER_QUESTIONS (PATIENT_ID, QUESTIONS_ID) VALUES (6, 11);

INSERT INTO ANSWER (ID, PATIENT_ID, QUESTION_ID, YES_NO_RESPONSE, NUMERIC_RESPONSE, ANSWER_DATE, CARE_PLAN_FORM_ID)
            VALUES (1, 1, 1, TRUE, null, '2021-10-20', 1);
INSERT INTO ANSWER (ID, PATIENT_ID, QUESTION_ID, YES_NO_RESPONSE, NUMERIC_RESPONSE, ANSWER_DATE, CARE_PLAN_FORM_ID)
            VALUES (2, 1, 2, FALSE, null, '2021-10-20', 1);
INSERT INTO ANSWER (ID, PATIENT_ID, QUESTION_ID, YES_NO_RESPONSE, NUMERIC_RESPONSE, ANSWER_DATE, CARE_PLAN_FORM_ID)
            VALUES (3, 1, 3, FALSE, null, '2021-10-20', 1);
INSERT INTO ANSWER (ID, PATIENT_ID, QUESTION_ID, YES_NO_RESPONSE, NUMERIC_RESPONSE, ANSWER_DATE, CARE_PLAN_FORM_ID)
            VALUES (4, 1, 4, TRUE, null, '2021-10-20', 1);
INSERT INTO ANSWER (ID, PATIENT_ID, QUESTION_ID, YES_NO_RESPONSE, NUMERIC_RESPONSE, ANSWER_DATE, CARE_PLAN_FORM_ID)
            VALUES (5, 1, 5, FALSE, null, '2021-10-20', 1);
INSERT INTO ANSWER (ID, PATIENT_ID, QUESTION_ID, YES_NO_RESPONSE, NUMERIC_RESPONSE, ANSWER_DATE, CARE_PLAN_FORM_ID)
            VALUES (6, 1, 6, FALSE, null, '2021-10-20', 1);
INSERT INTO ANSWER (ID, PATIENT_ID, QUESTION_ID, YES_NO_RESPONSE, NUMERIC_RESPONSE, ANSWER_DATE, CARE_PLAN_FORM_ID)
            VALUES (7, 1, 7, TRUE, null, '2021-10-20', 1);
INSERT INTO ANSWER (ID, PATIENT_ID, QUESTION_ID, YES_NO_RESPONSE, NUMERIC_RESPONSE, ANSWER_DATE, CARE_PLAN_FORM_ID)
            VALUES (8, 1, 8, null, 4, '2021-10-20', 1);
INSERT INTO ANSWER (ID, PATIENT_ID, QUESTION_ID, YES_NO_RESPONSE, NUMERIC_RESPONSE, ANSWER_DATE, CARE_PLAN_FORM_ID)
            VALUES (9, 1, 9, null, 4, '2021-10-20', 1);
INSERT INTO ANSWER (ID, PATIENT_ID, QUESTION_ID, YES_NO_RESPONSE, NUMERIC_RESPONSE, ANSWER_DATE, CARE_PLAN_FORM_ID)
            VALUES (10, 1, 10, null, 4, '2021-10-20', 1);
INSERT INTO ANSWER (ID, PATIENT_ID, QUESTION_ID, YES_NO_RESPONSE, NUMERIC_RESPONSE, ANSWER_DATE, CARE_PLAN_FORM_ID)
            VALUES (11, 1, 11, null, 4, '2021-10-20', 1);
INSERT INTO ANSWER (ID, PATIENT_ID, QUESTION_ID, YES_NO_RESPONSE, NUMERIC_RESPONSE, ANSWER_DATE, CARE_PLAN_FORM_ID)
            VALUES (12, 1, 8, null, 4, '2021-10-22', 1);
INSERT INTO ANSWER (ID, PATIENT_ID, QUESTION_ID, YES_NO_RESPONSE, NUMERIC_RESPONSE, ANSWER_DATE, CARE_PLAN_FORM_ID)
            VALUES (13, 1, 9, null, 4, '2021-10-22', 1);
INSERT INTO ANSWER (ID, PATIENT_ID, QUESTION_ID, YES_NO_RESPONSE, NUMERIC_RESPONSE, ANSWER_DATE, CARE_PLAN_FORM_ID)
            VALUES (14, 1, 10, null, 4, '2021-10-22', 1);
INSERT INTO ANSWER (ID, PATIENT_ID, QUESTION_ID, YES_NO_RESPONSE, NUMERIC_RESPONSE, ANSWER_DATE, CARE_PLAN_FORM_ID)
            VALUES (15, 1, 11, null, 4, '2021-10-22', 1);
INSERT INTO ANSWER (ID, PATIENT_ID, QUESTION_ID, YES_NO_RESPONSE, NUMERIC_RESPONSE, ANSWER_DATE, CARE_PLAN_FORM_ID)
            VALUES (16, 1, 1, TRUE, null, '2021-10-20', 2);
INSERT INTO ANSWER (ID, PATIENT_ID, QUESTION_ID, YES_NO_RESPONSE, NUMERIC_RESPONSE, ANSWER_DATE, CARE_PLAN_FORM_ID)
            VALUES (17, 1, 2, FALSE, null, '2021-10-20', 2);
INSERT INTO ANSWER (ID, PATIENT_ID, QUESTION_ID, YES_NO_RESPONSE, NUMERIC_RESPONSE, ANSWER_DATE, CARE_PLAN_FORM_ID)
            VALUES (18, 1, 3, FALSE, null, '2021-10-20', 2);
INSERT INTO ANSWER (ID, PATIENT_ID, QUESTION_ID, YES_NO_RESPONSE, NUMERIC_RESPONSE, ANSWER_DATE, CARE_PLAN_FORM_ID)
            VALUES (19, 1, 4, TRUE, null, '2021-10-20', 2);
INSERT INTO ANSWER (ID, PATIENT_ID, QUESTION_ID, YES_NO_RESPONSE, NUMERIC_RESPONSE, ANSWER_DATE, CARE_PLAN_FORM_ID)
            VALUES (20, 1, 5, FALSE, null, '2021-10-20', 2);
INSERT INTO ANSWER (ID, PATIENT_ID, QUESTION_ID, YES_NO_RESPONSE, NUMERIC_RESPONSE, ANSWER_DATE, CARE_PLAN_FORM_ID)
            VALUES (21, 1, 6, FALSE, null, '2021-10-20', 2);
INSERT INTO ANSWER (ID, PATIENT_ID, QUESTION_ID, YES_NO_RESPONSE, NUMERIC_RESPONSE, ANSWER_DATE, CARE_PLAN_FORM_ID)
            VALUES (22, 1, 7, TRUE, null, '2021-10-20', 2);
INSERT INTO ANSWER (ID, PATIENT_ID, QUESTION_ID, YES_NO_RESPONSE, NUMERIC_RESPONSE, ANSWER_DATE, CARE_PLAN_FORM_ID)
            VALUES (23, 1, 8, null, 4, '2021-10-20', 2);
INSERT INTO ANSWER (ID, PATIENT_ID, QUESTION_ID, YES_NO_RESPONSE, NUMERIC_RESPONSE, ANSWER_DATE, CARE_PLAN_FORM_ID)
            VALUES (24, 1, 9, null, 2, '2021-10-20', 2);
INSERT INTO ANSWER (ID, PATIENT_ID, QUESTION_ID, YES_NO_RESPONSE, NUMERIC_RESPONSE, ANSWER_DATE, CARE_PLAN_FORM_ID)
            VALUES (25, 1, 10, null, 4, '2021-10-20', 2);
INSERT INTO ANSWER (ID, PATIENT_ID, QUESTION_ID, YES_NO_RESPONSE, NUMERIC_RESPONSE, ANSWER_DATE, CARE_PLAN_FORM_ID)
            VALUES (26, 1, 11, null, 3, '2021-10-20', 2);
INSERT INTO ANSWER (ID, PATIENT_ID, QUESTION_ID, YES_NO_RESPONSE, NUMERIC_RESPONSE, ANSWER_DATE, CARE_PLAN_FORM_ID)
            VALUES (27, 1, 8, null, 4, '2021-10-22', 2);
INSERT INTO ANSWER (ID, PATIENT_ID, QUESTION_ID, YES_NO_RESPONSE, NUMERIC_RESPONSE, ANSWER_DATE, CARE_PLAN_FORM_ID)
            VALUES (28, 1, 9, null, 4, '2021-10-22', 2);
INSERT INTO ANSWER (ID, PATIENT_ID, QUESTION_ID, YES_NO_RESPONSE, NUMERIC_RESPONSE, ANSWER_DATE, CARE_PLAN_FORM_ID)
            VALUES (29, 1, 10, null, 1, '2021-10-22', 2);
INSERT INTO ANSWER (ID, PATIENT_ID, QUESTION_ID, YES_NO_RESPONSE, NUMERIC_RESPONSE, ANSWER_DATE, CARE_PLAN_FORM_ID)
            VALUES (30, 1, 11, null, 4, '2021-10-22', 2);
INSERT INTO ANSWER (ID, PATIENT_ID, QUESTION_ID, YES_NO_RESPONSE, NUMERIC_RESPONSE, ANSWER_DATE, CARE_PLAN_FORM_ID)
            VALUES (31, 1, 1, TRUE, null, '2021-10-20', 3);
INSERT INTO ANSWER (ID, PATIENT_ID, QUESTION_ID, YES_NO_RESPONSE, NUMERIC_RESPONSE, ANSWER_DATE, CARE_PLAN_FORM_ID)
            VALUES (32, 1, 2, FALSE, null, '2021-10-20', 3);
INSERT INTO ANSWER (ID, PATIENT_ID, QUESTION_ID, YES_NO_RESPONSE, NUMERIC_RESPONSE, ANSWER_DATE, CARE_PLAN_FORM_ID)
            VALUES (33, 1, 3, FALSE, null, '2021-10-20', 3);
INSERT INTO ANSWER (ID, PATIENT_ID, QUESTION_ID, YES_NO_RESPONSE, NUMERIC_RESPONSE, ANSWER_DATE, CARE_PLAN_FORM_ID)
            VALUES (34, 1, 4, TRUE, null, '2021-10-20', 3);
INSERT INTO ANSWER (ID, PATIENT_ID, QUESTION_ID, YES_NO_RESPONSE, NUMERIC_RESPONSE, ANSWER_DATE, CARE_PLAN_FORM_ID)
            VALUES (35, 1, 5, FALSE, null, '2021-10-20', 3);
INSERT INTO ANSWER (ID, PATIENT_ID, QUESTION_ID, YES_NO_RESPONSE, NUMERIC_RESPONSE, ANSWER_DATE, CARE_PLAN_FORM_ID)
            VALUES (36, 1, 6, FALSE, null, '2021-10-20', 3);
INSERT INTO ANSWER (ID, PATIENT_ID, QUESTION_ID, YES_NO_RESPONSE, NUMERIC_RESPONSE, ANSWER_DATE, CARE_PLAN_FORM_ID)
            VALUES (37, 1, 7, TRUE, null, '2021-10-20', 3);
INSERT INTO ANSWER (ID, PATIENT_ID, QUESTION_ID, YES_NO_RESPONSE, NUMERIC_RESPONSE, ANSWER_DATE, CARE_PLAN_FORM_ID)
            VALUES (38, 1, 8, null, 4, '2021-10-20', 3);
INSERT INTO ANSWER (ID, PATIENT_ID, QUESTION_ID, YES_NO_RESPONSE, NUMERIC_RESPONSE, ANSWER_DATE, CARE_PLAN_FORM_ID)
            VALUES (39, 1, 9, null, 4, '2021-10-20', 3);
INSERT INTO ANSWER (ID, PATIENT_ID, QUESTION_ID, YES_NO_RESPONSE, NUMERIC_RESPONSE, ANSWER_DATE, CARE_PLAN_FORM_ID)
            VALUES (40, 1, 10, null, 4, '2021-10-20', 3);
INSERT INTO ANSWER (ID, PATIENT_ID, QUESTION_ID, YES_NO_RESPONSE, NUMERIC_RESPONSE, ANSWER_DATE, CARE_PLAN_FORM_ID)
            VALUES (41, 1, 11, null, 2, '2021-10-20', 3);
INSERT INTO ANSWER (ID, PATIENT_ID, QUESTION_ID, YES_NO_RESPONSE, NUMERIC_RESPONSE, ANSWER_DATE, CARE_PLAN_FORM_ID)
            VALUES (42, 1, 8, null, 4, '2021-10-22', 3);
INSERT INTO ANSWER (ID, PATIENT_ID, QUESTION_ID, YES_NO_RESPONSE, NUMERIC_RESPONSE, ANSWER_DATE, CARE_PLAN_FORM_ID)
            VALUES (43, 1, 9, null, 4, '2021-10-22', 3);
INSERT INTO ANSWER (ID, PATIENT_ID, QUESTION_ID, YES_NO_RESPONSE, NUMERIC_RESPONSE, ANSWER_DATE, CARE_PLAN_FORM_ID)
            VALUES (44, 1, 10, null, 4, '2021-10-22', 3);
INSERT INTO ANSWER (ID, PATIENT_ID, QUESTION_ID, YES_NO_RESPONSE, NUMERIC_RESPONSE, ANSWER_DATE, CARE_PLAN_FORM_ID)
            VALUES (45, 1, 11, null, 2, '2021-10-22', 3);
INSERT INTO ANSWER (ID, PATIENT_ID, QUESTION_ID, YES_NO_RESPONSE, NUMERIC_RESPONSE, ANSWER_DATE, CARE_PLAN_FORM_ID)
            VALUES (46, 2, 8, null, 3, '2021-10-22', 4);
INSERT INTO ANSWER (ID, PATIENT_ID, QUESTION_ID, YES_NO_RESPONSE, NUMERIC_RESPONSE, ANSWER_DATE, CARE_PLAN_FORM_ID)
            VALUES (47, 2, 9, null, 4, '2021-10-22', 4);
INSERT INTO ANSWER (ID, PATIENT_ID, QUESTION_ID, YES_NO_RESPONSE, NUMERIC_RESPONSE, ANSWER_DATE, CARE_PLAN_FORM_ID)
            VALUES (48, 2, 10, null, 4, '2021-10-22', 4);
INSERT INTO ANSWER (ID, PATIENT_ID, QUESTION_ID, YES_NO_RESPONSE, NUMERIC_RESPONSE, ANSWER_DATE, CARE_PLAN_FORM_ID)
            VALUES (49, 2, 11, null, 4, '2021-10-22', 4);

INSERT INTO ANSWER (ID, PATIENT_ID, QUESTION_ID, YES_NO_RESPONSE, NUMERIC_RESPONSE, ANSWER_DATE, CARE_PLAN_FORM_ID)
            VALUES (50, 2, 8, null, 4, '2021-10-22', 5);
INSERT INTO ANSWER (ID, PATIENT_ID, QUESTION_ID, YES_NO_RESPONSE, NUMERIC_RESPONSE, ANSWER_DATE, CARE_PLAN_FORM_ID)
            VALUES (51, 2, 9, null, 3, '2021-10-22', 5);
INSERT INTO ANSWER (ID, PATIENT_ID, QUESTION_ID, YES_NO_RESPONSE, NUMERIC_RESPONSE, ANSWER_DATE, CARE_PLAN_FORM_ID)
            VALUES (52, 2, 10, null, 4, '2021-10-22', 5);
INSERT INTO ANSWER (ID, PATIENT_ID, QUESTION_ID, YES_NO_RESPONSE, NUMERIC_RESPONSE, ANSWER_DATE, CARE_PLAN_FORM_ID)
            VALUES (53, 2, 11, null, 4, '2021-10-22', 5);
INSERT INTO ANSWER (ID, PATIENT_ID, QUESTION_ID, YES_NO_RESPONSE, NUMERIC_RESPONSE, ANSWER_DATE, CARE_PLAN_FORM_ID)
            VALUES (54, 2, 8, null, 4, '2021-10-22', 6);
INSERT INTO ANSWER (ID, PATIENT_ID, QUESTION_ID, YES_NO_RESPONSE, NUMERIC_RESPONSE, ANSWER_DATE, CARE_PLAN_FORM_ID)
            VALUES (55, 2, 9, null, 3, '2021-10-22', 6);
INSERT INTO ANSWER (ID, PATIENT_ID, QUESTION_ID, YES_NO_RESPONSE, NUMERIC_RESPONSE, ANSWER_DATE, CARE_PLAN_FORM_ID)
            VALUES (56, 2, 10, null, 4, '2021-10-22', 6);
INSERT INTO ANSWER (ID, PATIENT_ID, QUESTION_ID, YES_NO_RESPONSE, NUMERIC_RESPONSE, ANSWER_DATE, CARE_PLAN_FORM_ID)
            VALUES (57, 2, 11, null, 4, '2021-10-22', 6);